id,name,url,description,test_type,remote_testing,adaptive_irt,duration_minutes
1,Account Manager Solution,https://www.shl.com/solutions/products/product-catalog/view/account-manager-solution,"The Account Manager solution is an assessment used for job candidates applying to mid-level leadership positions that tend to manage the day-to-day operations and activities of client accounts. Sample tasks for these jobs include, but are not limited to: communicating with clients about project status, developing and maintaining project plans, coordinating internally with appropriate project personnel, and ensuring client expectations are being met. Potential job titles that use this solution are: Account Executive, Account Manager, and Senior Account Manager. There are multiple configurations","C,P,A,B",True,True,
2,Administrative Professional - Short Form,https://www.shl.com/solutions/products/product-catalog/view/administrative-professional-short-form,"The Administrative Professional solution is for entry to mid-level positions that involve routine clerical and administrative functions in addition to office management functions and customer service. Sample tasks for this job include, but are not limited to: arranging conference calls; drafting correspondence; scheduling meetings; greeting visitors; coordinating office activities. Potential job titles that use this solution are: Administrative Assistant, Secretary, Office Manager, Administrative Aide, and Administrative Associate.","A,K,P",True,True,
3,Agency Manager Solution,https://www.shl.com/solutions/products/product-catalog/view/agency-manager-solution,"The Agency Manager solution is for mid-level sales management positions that include front line management and sales responsibilities. Sample tasks for this job include, but are not limited to: directing and coordinating financial activities of workers in a branch, office, or department of an establishment, such as branch bank, brokerage firm, risk and insurance department, or credit department.  Potential job titles that use this solution are: Agency Manager, Brokerage Manager. Multiple configurations of this solution are available.","A,B,P,S",True,True,
4,Apprentice + 8.0 Job Focused Assessment,https://www.shl.com/solutions/products/product-catalog/view/apprentice-8-0-job-focused-assessment-4261,"The Apprentice + 8.0 Job-Focused Assessment is a short, targeted, globally applicable assessment which includes a short cognitive ability measure. This assessment is designed for entry-level positions appropriate for countries and industries that use an apprenticeship model. It is intended to be used multi-nationally for organisations whose business spans across regions.","B,P",True,False,
5,Apprentice 8.0 Job Focused Assessment,https://www.shl.com/solutions/products/product-catalog/view/apprentice-8-0-job-focused-assessment,"The Apprentice 8.0 Job-Focused Assessment is a short, targeted, globally applicable assessment. This assessment is designed for entry-level positions appropriate for countries and industries that use an apprenticeship model. It is intended to be used multi-nationally for organizations whose business spans across regions.","B,P",True,False,
6,Bank Administrative Assistant - Short Form,https://www.shl.com/solutions/products/product-catalog/view/bank-administrative-assistant-short-form,"The Administrative Assistant solution is for entry-level clerical positions that interact with external or internal customers. Sample tasks for these jobs include, but are not limited to: answering telephones, managing files and records, sorting mail, greeting customers, and collaborating with co-workers on projects. Potential job titles that use this solution are: Receptionist and Administrative Assistant. There are multiple configurations of this solution available.","A,B,K,P",True,False,
7,Bank Collections Agent - Short Form,https://www.shl.com/solutions/products/product-catalog/view/bank-collections-agent-short-form,"This solution is for entry-level collections positions in an inbound or outbound call center environment in a financial setting. Candidates answer multiple choice questions to measure achievement orientation, dependability, collector numerical skills, revenue recovery, customer focus, and persistence and planfulness. There are multiple configurations and versions of this solution available.","A,B,P",True,False,
8,Bank Operations Supervisor - Short Form,https://www.shl.com/solutions/products/product-catalog/view/bank-operations-supervisor-short-form,"The Bank Operations Supervisor solution is for job candidates applying to entry-level leadership positions who tend to supervise hourly employees. Sample tasks for these jobs include, but are not limited to:  planning and preparing work schedules, assigning employees to specific duties; coaching  employees on attendance, conduct, schedule adherence, and work tasks, developing employees' skills ; training subordinates; prioritizing multiple tasks  and priorities; and making  day-to-day decisions with minimal guidance from others. Potential job titles that use this solution are: Team Leader, Fir","A,B,P,S",True,True,
9,Bilingual Spanish Reservation Agent Solution,https://www.shl.com/solutions/products/product-catalog/view/bilingual-spanish-reservation-agent-solution,"The Bilingual Reservation Agent solution is designed for customer centered entry-level positions within the hospitality industry. Sample tasks may include making, updating, or canceling hotel reservations made in English or Spanish; listening to customers speak Spanish and entering information into a computer in English; providing information on the hotel and the services offered. Potential job titles that use this solution are: Bilingual Reservation Agent, Customer Service Representative and Reservationist. Multiple configurations of this solution are available.","B,P,S,A",True,True,
10,"Bookkeeping, Accounting, Auditing Clerk Short Form",https://www.shl.com/solutions/products/product-catalog/view/bookkeeping-accounting-auditing-clerk-short-form,"The Bookkeeping, Accounting, and Auditing Clerk solution is for entry-level positions that involve entering numerical data into computer systems and maintaining financial records. Sample tasks for this job include, but are not limited to: entering financial data into computers; checking financial records for accuracy; perform routine computations on financial data. Potential job titles that use this solution are: Accounting Clerk, Bookkeeper, Accounting Associate, Auditing Clerk and Accounts Receivable Clerk.","P,S,K,B,A",True,True,
11,Branch Manager - Short Form,https://www.shl.com/solutions/products/product-catalog/view/branch-manager-short-form,"This solution is for mid to upper-level financial institution managerial positions. Candidates answer a series of multiple choice questions to measure management potential, management judgment, leadership potential, team management, branch manager problem solving, business leadership, leadership motivation, interpersonal leadership, self leadership, and branch manager judgment. There are multiple configurations and versions of this solution available.","A,B,P",True,False,
12,Cashier Solution,https://www.shl.com/solutions/products/product-catalog/view/cashier-solution,"The Cashier solution is for entry-level retail positions in which employees receive payment in the form of cash, check, or credit cards for goods purchased. Sample tasks for these jobs include, but are not limited to: handling payments, offering customer service, and issuing receipts and refunds. Potential job titles that use this solution are: Cashier, Sales Associate, and Clerk. There are multiple configurations and versions of this solution available.","B,A,P",True,True,
13,Adobe Experience Manager (New),https://www.shl.com/solutions/products/product-catalog/view/adobe-experience-manager-new,"Multi-choice test that measures the knowledge of AEM components, templates, workflows, AEM collections, OSGi services and troubleshooting of AEM projects.",K,True,False,
14,Adobe Photoshop CC,https://www.shl.com/solutions/products/product-catalog/view/adobe-photoshop-cc,"The Adobe Photoshop CC test measures knowledge of Adobe Photoshop CC. Designed for experienced users, this test covers the following topics: 3D, Color, File Management, Interface, Layers, Painting and Drawing, Retouch and Enhancements, Selection, Text, and Web.",K,True,True,
15,Aeronautical Engineering (New),https://www.shl.com/solutions/products/product-catalog/view/aeronautical-engineering-new,"Multi-choice test that measures the knowledge of flight mechanics, space dynamics, aerodynamics, structures and propulsion.",K,True,False,
16,Aerospace Engineering (New),https://www.shl.com/solutions/products/product-catalog/view/aerospace-engineering-new,"Multi-choice test that measures the conceptual knowledge of aerodynamics, aircraft systems and instrumentation, flight dynamics, space dynamics and avionics.",K,True,False,
17,Agile Software Development,https://www.shl.com/solutions/products/product-catalog/view/agile-software-development,"Multi-choice test that measures the knowledge of agile methodology, scrum, feature driven software development, incremental and iterative development and processes involved in agile software development.",K,True,False,
18,Agile Testing (New),https://www.shl.com/solutions/products/product-catalog/view/agile-testing-new,"Multi-choice test that measures the knowledge of tools, techniques and processes involved in the Agile testing methodology.",K,True,False,
19,AI Skills,https://www.shl.com/solutions/products/product-catalog/view/ai-skills,The AI Skills assessment measures the skills that help candidates successfully leverage AI in their work.,P,True,False,
20,Amazon Web Services (AWS) Development (New),https://www.shl.com/solutions/products/product-catalog/view/amazon-web-services-aws-development-new,"Multi-choice test that measures the knowledge of AWS delivery process, monitoring, metrics, logging, security, validation and scalability.",K,True,False,
21,Android Development (New),https://www.shl.com/solutions/products/product-catalog/view/android-development-new,"Multi-choice test that measures the knowledge of UI components for an Android device, services and alerts, animation and media apps, application components, security and testing.",K,True,False,
22,Angular 6 (New),https://www.shl.com/solutions/products/product-catalog/view/angular-6-new,"Multi-choice test that measures the knowledge of the basic components and modules of Angular 6 and concepts like data binding, dependency injection, CRUD with HTTP, typescript, routing and navigation.",K,True,False,
23,AngularJS (New),https://www.shl.com/solutions/products/product-catalog/view/angularjs-new,"Multi-choice test that measures the knowledge of AngularJS architecture, forms, directives, filters, controllers, routing and testing.",K,True,False,
24,Apache Hadoop (New),https://www.shl.com/solutions/products/product-catalog/view/apache-hadoop-new,"Multi-choice test that measures the knowledge of basic concepts of Hadoop, commands, HDFS and MapReduce.",K,True,False,
25,Apache Hadoop Extensions (New),https://www.shl.com/solutions/products/product-catalog/view/apache-hadoop-extensions-new,"Multi-choice test that measures the conceptual knowledge of Pig, Hive and HBase.",K,True,False,
26,Apache HBase (New),https://www.shl.com/solutions/products/product-catalog/view/apache-hbase-new,"Multi-choice test that measures the knowledge of HBase concepts such as CAP theorem, ACID properties, HBase client API, MapReduce integration, configuration and administration.",K,True,False,
27,Apache Hive (New),https://www.shl.com/solutions/products/product-catalog/view/apache-hive-new,"Multi-choice test that measures the knowledge of Hive architecture, datatypes, built-in functions, configurations, partitioning, bucketing and commands of Hive query language.",K,True,False,
28,Apache Kafka (New),https://www.shl.com/solutions/products/product-catalog/view/apache-kafka-new,"Multi-choice test that measures the knowledge of Apache Kafka architecture, components, clusters, performance tuning and advanced operations.",K,True,False,
29,Apache Pig (New),https://www.shl.com/solutions/products/product-catalog/view/apache-pig-new,"Multi-choice test that measures the knowledge of Pig architecture, built-in operators, built-in functions and commands in PigLatin.",K,True,False,
30,Apache Spark (New),https://www.shl.com/solutions/products/product-catalog/view/apache-spark-new,"Multi-choice test that measures the knowledge of Apache Spark principles, RDD operations - actions and transformations, lineage graphs and lazy evaluation.",K,True,False,
31,ASP .NET with C# (New),https://www.shl.com/solutions/products/product-catalog/view/asp-net-with-c-new,"Multi-choice test that measures the knowledge of .NET framework and controls, C# fundamentals, OOPs concepts and advanced topics such as data access components, state management and security services.",K,True,False,
32,ASP.NET 4.5,https://www.shl.com/solutions/products/product-catalog/view/asp-net-4-5,"The ASP.NET 4.5 test measures knowledge of programming in the ASP.NET environment. Designed for experienced developers, but an average performer in this role should pass this test. This test includes the following topics: .NET Framework, Client-Side Programming, Data Access, Enhanced Runtime Features, Portals, Services and Mobile, Security, Troubleshooting and Optimization, Web Applications, and Web Forms.",K,True,True,
33,Assessment and Development Center Exercises,https://www.shl.com/solutions/products/product-catalog/view/assessment-and-development-center-exercises,"SHL offers a comprehensive range of Assessment and Development Centre exercise in digital format, for remote assessment through our Virtual Assessment and Development Centre platform.We offer a wide range of exercise types including group exercise, role plays, analysis presentations and written exercises.Exercises are available across a wide range of job levels and industry contexts.Contact SHL to find out more.",E,True,False,
34,Automata - Fix (New),https://www.shl.com/solutions/products/product-catalog/view/automata-fix-new,"A simulated compiler integrated test to measure debugging skills in C, C++ and Java. The test checks the ability to fix logical or syntactical errors and to reuse an existing code.Your use of this assessment product may be subject to New York City Law 144 (Regulation of the Use of Automated Employment Decision Tools) (dated July 5, 2023). Compliance with Law 144 is your responsibility.
Read more on https://www.shl.com/legal/shl-us-regulatory-compliance/",S,True,False,
35,Automata - SQL (New),https://www.shl.com/solutions/products/product-catalog/view/automata-sql-new,"A simulated query writing test that measures the ability to write SQL queries to perform DDL, DML and DCL tasks.",S,True,False,
36,Automata (New),https://www.shl.com/solutions/products/product-catalog/view/automata-new,"An AI-powered coding simulation assessment that evaluates candidate’s programming ability. Offers a familiar IDE environment available in over 40 different programming languages and tests candidates using real-world coding problems.Your use of this assessment product may be subject to New York City Law 144 (Regulation of the Use of Automated Employment Decision Tools) (dated July 5, 2023). Compliance with Law 144 is your responsibility.
Read more on https://www.shl.com/legal/shl-us-regulatory-compliance/",S,True,False,
37,Automata Data Science (New),https://www.shl.com/solutions/products/product-catalog/view/automata-data-science-new,A simulated test that measures the ability to analyze and modify data using machine learning algorithms to obtain desirable results.,S,True,False,
38,Automata Data Science Pro (New),https://www.shl.com/solutions/products/product-catalog/view/automata-data-science-pro-new,A simulated test that measures the ability to analyze and modify data using machine learning algorithms to obtain desirable results.,S,True,False,
39,Automata Front End,https://www.shl.com/solutions/products/product-catalog/view/automata-front-end,"Simulation based test that measures the front-end development capabilities using HTML, CSS, and
JavaScript. The candidate is provided with 3 different sections to code in HTML, CSS and JavaScript respectively and a separate output section to view the output. This simulation is then manually scored.",S,True,False,
40,Automata Pro (New),https://www.shl.com/solutions/products/product-catalog/view/automata-pro-new,"An AI-powered coding simulation assessment that evaluates candidate’s programming ability. Offers a familiar IDE environment available in over 40 different programming languages and tests candidates using real-world coding problems.Your use of this assessment product may be subject to New York City Law 144 (Regulation of the Use of Automated Employment Decision Tools) (dated July 5, 2023). Compliance with Law 144 is your responsibility.
Read more on https://www.shl.com/legal/shl-us-regulatory-compliance/",S,True,False,
41,Automata Selenium,https://www.shl.com/solutions/products/product-catalog/view/automata-selenium,A coding simulation assessment that evaluates the ability to conduct tasks related to automation testing using Selenium scripts.,S,True,False,
42,Automation Anywhere RPA Development (New),https://www.shl.com/solutions/products/product-catalog/view/automation-anywhere-rpa-development-new,"Multi-choice test that measures the knowledge of Automation Anywhere dash board and task editor, control room, key commands, bots and Automation Anywhere client.",K,True,False,
43,Automotive Engineering (New),https://www.shl.com/solutions/products/product-catalog/view/automotive-engineering-new,"Multi-choice test that measures the knowledge of auto engine classification, engine fuel system, auto-vehicle technology, maintenance, inspection and troubleshooting.",K,True,False,
44,Basic Biology (New),https://www.shl.com/solutions/products/product-catalog/view/basic-biology-new,Multi choice test that measures the candidate's basic understanding of Biology.,K,True,False,
45,Basic Computer Literacy (Windows 10) (New),https://www.shl.com/solutions/products/product-catalog/view/basic-computer-literacy-windows-10-new,"The Basic Computer Literacy (Windows 10) simulation measures knowledge of general computer terminology, processes, and applications and the ability to perform certain operations in a simulated environment resembling the actual application. This simulation consists of both multiple choice and simulation-based questions, and includes the following topics: Application Software, Computer Terms, Internet and Email, Managing Files, Operating System, and Parts of the Computer.","S,K",True,False,
46,Basic Statistics (New),https://www.shl.com/solutions/products/product-catalog/view/basic-statistics-new,"Multi-choice test that measures the knowledge of statistical methods, exploratory analysis, basics of probability, standard distributions and statistical testing.",K,True,False,
47,Biochemistry (New),https://www.shl.com/solutions/products/product-catalog/view/biochemistry-new,"Multi-choice test that measures the knowledge of various bio-molecules like amino acids, proteins, enzymes, carbohydrates, vitamins and nucleic acids, and concepts of bioenergetics and metabolism.",K,True,False,
48,Biotech Lab Techniques (New),https://www.shl.com/solutions/products/product-catalog/view/biotech-lab-techniques-new,"Multi-choice test that measures the knowledge of biophysical techniques, bio-processing and separation techniques like chromatography and electrophoresis.",K,True,False,
49,BizTalk (New),https://www.shl.com/solutions/products/product-catalog/view/biztalk-new,"Multi-choice test that measures the knowledge of BizTalk architecture, pipelines, adapters, business process techniques and BizTalk administration.",K,True,False,
50,Business Communication (adaptive),https://www.shl.com/solutions/products/product-catalog/view/business-communication-adaptive,"This is an adaptive test that measures knowledge of communicating in the workplace. It measures the skills necessary to communicate effectively with coworkers at all levels and with external business contacts. Designed for the average business worker, this test includes the following topics: Electronic Communication, Employment Communication, Listening, Meetings, Nonverbal Communication, Verbal Communication, and Written Communication.",K,True,True,
51,Business Communications,https://www.shl.com/solutions/products/product-catalog/view/business-communications,"This test measures the candidate's knowledge of communicating in the workplace.  It measures the skills necessary to communicate effectively with coworkers at all levels and with external business contacts. Designed for the average business worker, this test includes the following topics: Electronic Communication, Employment Communication, Listening, Meetings, Nonverbal Communication, Verbal Communication, and Written Communication. This version of the test is not adaptive.",K,True,False,
52,C Programming (New),https://www.shl.com/solutions/products/product-catalog/view/c-programming-new,"Multi-choice test that measures the knowledge of C programming basics, functions, arrays, composed data types, and advanced C concepts like SLF, file handling and dynamic memory.",K,True,False,
53,C# Programming (New),https://www.shl.com/solutions/products/product-catalog/view/c-programming-new-4039,"Multi-choice test that measures the knowledge of C# programming structure, functions, collections, enumeration, exception handling, OOPs constructs, inheritance, event handling and operator overloading.",K,True,False,
54,C++ Programming (New),https://www.shl.com/solutions/products/product-catalog/view/c-programming-new-4122,Multi-choice test that measures the knowledge of programming in the C++ language and the ability to use the C++ standard library to write code.,K,True,False,
55,Cardiology and Diabetes Management (New),https://www.shl.com/solutions/products/product-catalog/view/cardiology-and-diabetes-management-new,"Multi-choice test that measures the knowledge of how to control and manage cardiovascular diseases and diabetes, and understanding of the diagnostic tests used for them.",K,True,False,
56,Ceramic Engineering (New),https://www.shl.com/solutions/products/product-catalog/view/ceramic-engineering-new,"Multi-choice test that measures the knowledge of classification of ceramic materials, production of ceramics and thermodynamics.",K,True,False,
57,Chemical Engineering (New),https://www.shl.com/solutions/products/product-catalog/view/chemical-engineering-new,"Multi-choice test that measures the conceptual knowledge of transport phenomena, chemical process engineering and technology, chemical process principles, stoichiometry and process calculations.",K,True,False,
58,Cisco AppDynamics (New),https://www.shl.com/solutions/products/product-catalog/view/cisco-appdynamics-new,"Multi-choice test that measures the knowledge of application analytics, performance management, and AppDynamics essentials like controller UI, custom dashboard, reports and monitoring.",K,True,False,
59,Civil Engineering (New),https://www.shl.com/solutions/products/product-catalog/view/civil-engineering-new,"Multi-choice test that measures the knowledge of structural engineering, transportation engineering, surveying, geotechnical engineering and water resources engineering.",K,True,False,
60,Cloud Computing (New),https://www.shl.com/solutions/products/product-catalog/view/cloud-computing-new,"Multi-choice test that measures the knowledge of cloud computing concepts, cloud service models, virtualization and private clouds.",K,True,False,
61,COBOL Programming (New),https://www.shl.com/solutions/products/product-catalog/view/cobol-programming-new,,K,True,False,
62,Computer Science (New),https://www.shl.com/solutions/products/product-catalog/view/computer-science-new,,K,True,False,
63,Contact Center Call Simulation (New),https://www.shl.com/solutions/products/product-catalog/view/contact-center-call-simulation-new,,S,True,False,
64,Conversational Multichat Simulation,https://www.shl.com/solutions/products/product-catalog/view/conversational-multichat-simulation,,S,True,False,
65,Core Java (Advanced Level) (New),https://www.shl.com/solutions/products/product-catalog/view/core-java-advanced-level-new,,K,True,False,
66,Core Java (Entry Level) (New),https://www.shl.com/solutions/products/product-catalog/view/core-java-entry-level-new,,K,True,False,
67,Count Out The Money,https://www.shl.com/solutions/products/product-catalog/view/count-out-the-money,,"K,S",True,True,
68,CSS3 (New),https://www.shl.com/solutions/products/product-catalog/view/css3-new,,K,True,False,
69,Culinary Skills (New),https://www.shl.com/solutions/products/product-catalog/view/culinary-skills-new,,K,True,False,
70,Customer Service Phone Simulation,https://www.shl.com/solutions/products/product-catalog/view/customer-service-phone-simulation,,"B,S",True,False,
71,Customer Service Phone Solution,https://www.shl.com/solutions/products/product-catalog/view/customer-service-phone-solution,,"B,P,S",True,False,
72,Cyber Risk (New),https://www.shl.com/solutions/products/product-catalog/view/cyber-risk-new,,K,True,False,
73,Data Entry (New),https://www.shl.com/solutions/products/product-catalog/view/data-entry-new,,S,True,False,
74,Data Entry Alphanumeric Split Screen - US,https://www.shl.com/solutions/products/product-catalog/view/data-entry-alphanumeric-split-screen-us,,K,True,False,
75,Data Entry Numeric Split Screen - US,https://www.shl.com/solutions/products/product-catalog/view/data-entry-numeric-split-screen-us,,K,True,False,
76,Data Entry Ten Key Split Screen,https://www.shl.com/solutions/products/product-catalog/view/data-entry-ten-key-split-screen,,K,True,False,
77,Data Science (New),https://www.shl.com/solutions/products/product-catalog/view/data-science-new,,K,True,False,
78,Data Warehousing Concepts,https://www.shl.com/solutions/products/product-catalog/view/data-warehousing-concepts,,K,True,True,
79,Dependability and Safety Instrument (DSI),https://www.shl.com/solutions/products/product-catalog/view/dependability-and-safety-instrument-dsi,,P,True,False,
80,Dermatology (New),https://www.shl.com/solutions/products/product-catalog/view/dermatology-new,,K,True,False,
81,Desktop Support (New),https://www.shl.com/solutions/products/product-catalog/view/desktop-support-new,,K,True,False,
82,Digital Advertising (New),https://www.shl.com/solutions/products/product-catalog/view/digital-advertising-new,,K,True,False,
83,Digital Readiness Development Report - IC,https://www.shl.com/solutions/products/product-catalog/view/digital-readiness-development-report,,P,True,False,
84,Digital Readiness Development Report - Manager,https://www.shl.com/solutions/products/product-catalog/view/digital-readiness-development-report-manager,,P,True,False,
85,Docker (New),https://www.shl.com/solutions/products/product-catalog/view/docker-new,,K,True,False,
86,Dojo (New),https://www.shl.com/solutions/products/product-catalog/view/dojo-new,,K,True,False,
87,Drupal (New),https://www.shl.com/solutions/products/product-catalog/view/drupal-new,,K,True,False,
88,DSI v1.1 Interpretation Report,https://www.shl.com/solutions/products/product-catalog/view/dsi-v1-1-interpretation-report,,P,True,False,
89,Econometrics (New),https://www.shl.com/solutions/products/product-catalog/view/econometrics-new,,K,True,False,
90,Economics (New),https://www.shl.com/solutions/products/product-catalog/view/economics-new,,K,True,False,
91,Electrical and Electronics Engineering (New),https://www.shl.com/solutions/products/product-catalog/view/electrical-and-electronics-engineering-new,,K,True,False,
92,Electrical Engineering (New),https://www.shl.com/solutions/products/product-catalog/view/electrical-engineering-new,,K,True,False,
93,Electronics & Telecommunications Engineering (New),https://www.shl.com/solutions/products/product-catalog/view/electronics-and-telecommunications-engineering-new,,K,True,False,
94,Electronics and Embedded Systems Engineering (New),https://www.shl.com/solutions/products/product-catalog/view/electronics-and-embedded-systems-engineering-new,,K,True,False,
95,Electronics and Semiconductor Engineering (New),https://www.shl.com/solutions/products/product-catalog/view/electronics-and-semiconductor-engineering-new,,K,True,False,
96,English Comprehension (New),https://www.shl.com/solutions/products/product-catalog/view/english-comprehension-new,,K,True,False,
97,Enterprise Java Beans (New),https://www.shl.com/solutions/products/product-catalog/view/enterprise-java-beans-new,,K,True,False,
98,Enterprise Leadership Report 1.0,https://www.shl.com/solutions/products/product-catalog/view/enterprise-leadership-report,,P,True,False,
99,Enterprise Leadership Report 2.0,https://www.shl.com/solutions/products/product-catalog/view/enterprise-leadership-report-2-0,,P,True,False,
100,Entry Level Cashier Solution,https://www.shl.com/solutions/products/product-catalog/view/entry-level-cashier-solution,,"C,P",True,False,
101,Entry Level Customer Serv-Retail & Contact Center,https://www.shl.com/solutions/products/product-catalog/view/entry-level-customer-serv-retail-and-contact-center,,"P,C",True,False,
102,Entry Level Customer Service (General) Solution,https://www.shl.com/solutions/products/product-catalog/view/entry-level-customer-service-general-solution,,"C,P",True,False,
103,Entry Level Hotel Front Desk Solution,https://www.shl.com/solutions/products/product-catalog/view/entry-level-hotel-front-desk-solution,,"C,P",True,False,
104,Entry Level Sales Solution,https://www.shl.com/solutions/products/product-catalog/view/entry-level-sales-solution,,"C,P",True,False,
105,Entry Level Technical Support Solution,https://www.shl.com/solutions/products/product-catalog/view/entry-level-technical-support-solution,,"P,C",True,False,
106,ETL Testing (New),https://www.shl.com/solutions/products/product-catalog/view/etl-testing-new,,K,True,False,
107,Executive Scenarios,https://www.shl.com/solutions/products/product-catalog/view/executive-scenarios,,B,True,False,
108,Executive Scenarios Narrative Report,https://www.shl.com/solutions/products/product-catalog/view/executive-scenarios-narrative-report,,B,True,False,
109,Executive Scenarios Profile Report,https://www.shl.com/solutions/products/product-catalog/view/executive-scenarios-profile-report,,B,True,False,
110,ExpressJS (New),https://www.shl.com/solutions/products/product-catalog/view/expressjs-new,,K,True,False,
111,Filing - Names (R1),https://www.shl.com/solutions/products/product-catalog/view/filing-names-r1,,K,True,False,
112,Filing - Numbers,https://www.shl.com/solutions/products/product-catalog/view/filing-numbers,,K,True,False,
113,Financial Accounting (New),https://www.shl.com/solutions/products/product-catalog/view/financial-accounting-new,,K,True,False,
114,Financial and Banking Services (New),https://www.shl.com/solutions/products/product-catalog/view/financial-and-banking-services-new,,K,True,False,
115,Fire Engineering (New),https://www.shl.com/solutions/products/product-catalog/view/fire-engineering-new,,K,True,False,
116,Following Instructions v1 - UK (R1),https://www.shl.com/solutions/products/product-catalog/view/following-instructions-v1-uk-r1,,K,True,False,
117,Following Instructions v1 - US (R2),https://www.shl.com/solutions/products/product-catalog/view/following-instructions-v1-us-r2,,K,True,False,
118,Food and Beverage Services (New),https://www.shl.com/solutions/products/product-catalog/view/food-and-beverage-services-new,,K,True,False,
119,Food Science (New),https://www.shl.com/solutions/products/product-catalog/view/food-science-new,,K,True,False,
120,Front Office Management (New),https://www.shl.com/solutions/products/product-catalog/view/front-office-management-new,,K,True,False,
121,Fundamentals of Chemistry (New),https://www.shl.com/solutions/products/product-catalog/view/fundamentals-of-chemistry-new,,K,True,False,
122,Fundamentals of Physics (New),https://www.shl.com/solutions/products/product-catalog/view/fundamentals-of-physics-new,,K,True,False,
123,General Diseases (New),https://www.shl.com/solutions/products/product-catalog/view/general-diseases-new,,K,True,False,
124,Geoinformatics Engineering (New),https://www.shl.com/solutions/products/product-catalog/view/geoinformatics-engineering-new,,K,True,False,
125,Geoscience Engineering (New),https://www.shl.com/solutions/products/product-catalog/view/geoscience-engineering-new,,K,True,False,
126,GIT (New),https://www.shl.com/solutions/products/product-catalog/view/git-new,,K,True,False,
127,Global Skills Assessment,https://www.shl.com/solutions/products/product-catalog/view/global-skills-assessment,,"C,K",True,False,
128,Graduate Scenarios,https://www.shl.com/solutions/products/product-catalog/view/graduate-scenarios,,B,True,False,
129,Graduate Scenarios Narrative Report,https://www.shl.com/solutions/products/product-catalog/view/graduate-scenarios-narrative-report,,B,True,False,
130,Graduate Scenarios Profile Report,https://www.shl.com/solutions/products/product-catalog/view/graduate-scenarios-profile-report,,B,True,False,
131,Hibernate (New),https://www.shl.com/solutions/products/product-catalog/view/hibernate-new,,K,True,False,
132,HIPAA (Security),https://www.shl.com/solutions/products/product-catalog/view/hipaa-security,,K,True,True,
133,HiPo Assessment Report 1.0,https://www.shl.com/solutions/products/product-catalog/view/hipo-assessment-report-1-0,,"C,P",True,False,
134,HiPo Assessment Report 2.0,https://www.shl.com/solutions/products/product-catalog/view/hipo-assessment-report-2-0,,"C,P",True,False,
135,HiPo Unlocking Potential Report 2.0,https://www.shl.com/solutions/products/product-catalog/view/hipo-unlocking-potential-report-2-0,,C,True,False,
136,Housekeeping (New),https://www.shl.com/solutions/products/product-catalog/view/housekeeping-new,,K,True,False,
137,HTML/CSS (New),https://www.shl.com/solutions/products/product-catalog/view/htmlcss-new,,K,True,False,
138,HTML5 (New),https://www.shl.com/solutions/products/product-catalog/view/html5-new,,K,True,False,
139,Human Resources (New),https://www.shl.com/solutions/products/product-catalog/view/human-resources-new,,K,True,False,
140,IBM DataStage (New),https://www.shl.com/solutions/products/product-catalog/view/ibm-datastage-new,,K,True,False,
141,IBM Sterling Order Management System (New),https://www.shl.com/solutions/products/product-catalog/view/ibm-sterling-order-management-system-new,,K,True,False,
142,Industrial Engineering (New),https://www.shl.com/solutions/products/product-catalog/view/industrial-engineering-new,,K,True,False,
143,Informatica (Architecture) (New),https://www.shl.com/solutions/products/product-catalog/view/informatica-architecture-new,,K,True,False,
144,Informatica (Developer) (New),https://www.shl.com/solutions/products/product-catalog/view/informatica-developer-new,,K,True,False,
145,Instrumentation Engineering (New),https://www.shl.com/solutions/products/product-catalog/view/instrumentation-engineering-new,,K,True,False,
146,Interpersonal Communications,https://www.shl.com/solutions/products/product-catalog/view/interpersonal-communications,,K,True,True,
147,Interviewing and Hiring Concepts (U.S.),https://www.shl.com/solutions/products/product-catalog/view/interviewing-and-hiring-concepts-u-s,,K,True,True,
148,iOS Development (New),https://www.shl.com/solutions/products/product-catalog/view/ios-development-new,,K,True,False,
149,ITIL (IT Infrastructure Library) (New),https://www.shl.com/solutions/products/product-catalog/view/itil-it-infrastructure-library-new,,K,True,False,
150,Java 2 Platform Enterprise Edition 1.4 Fundamental,https://www.shl.com/solutions/products/product-catalog/view/java-2-platform-enterprise-edition-1-4-fundamental,,K,True,True,
151,Java 8 (New),https://www.shl.com/solutions/products/product-catalog/view/java-8-new,,K,True,False,
152,Java Design Patterns (New),https://www.shl.com/solutions/products/product-catalog/view/java-design-patterns-new,,K,True,False,
153,Java Frameworks (New),https://www.shl.com/solutions/products/product-catalog/view/java-frameworks-new,,K,True,False,
154,Java Platform Enterprise Edition 7 (Java EE 7),https://www.shl.com/solutions/products/product-catalog/view/java-platform-enterprise-edition-7-java-ee-7,,K,True,True,
155,Java Web Services (New),https://www.shl.com/solutions/products/product-catalog/view/java-web-services-new,,K,True,False,
156,JavaScript (New),https://www.shl.com/solutions/products/product-catalog/view/javascript-new,,K,True,False,
157,Jenkins (New),https://www.shl.com/solutions/products/product-catalog/view/jenkins-new,,K,True,False,
158,Job Control Language (New),https://www.shl.com/solutions/products/product-catalog/view/job-control-language-new,,K,True,False,
159,jQuery (New),https://www.shl.com/solutions/products/product-catalog/view/jquery-new,,K,True,False,
160,Kubernetes (New),https://www.shl.com/solutions/products/product-catalog/view/kubernetes-new,,K,True,False,
161,Linux Administration (New),https://www.shl.com/solutions/products/product-catalog/view/linux-administration-new,,K,True,False,
162,Linux Operating System,https://www.shl.com/solutions/products/product-catalog/view/linux-operating-system,,K,True,False,
163,Linux Programming (General),https://www.shl.com/solutions/products/product-catalog/view/linux-programming-general,,K,True,True,
164,Load Runner (New),https://www.shl.com/solutions/products/product-catalog/view/load-runner-new,,K,True,False,
165,Management Scenarios,https://www.shl.com/solutions/products/product-catalog/view/management-scenarios,,B,True,False,
166,Managerial Scenarios Candidate Report,https://www.shl.com/solutions/products/product-catalog/view/managerial-scenarios-candidate-report,,B,True,False,
167,Managerial Scenarios Narrative Report,https://www.shl.com/solutions/products/product-catalog/view/managerial-scenarios-narrative-report,,B,True,False,
168,Managerial Scenarios Profile Report,https://www.shl.com/solutions/products/product-catalog/view/managerial-scenarios-profile-report,,B,True,False,
169,Manual Testing (New),https://www.shl.com/solutions/products/product-catalog/view/manual-testing-new,,K,True,False,
170,Manufac. & Indust. - Mechanical & Vigilance 8.0,https://www.shl.com/solutions/products/product-catalog/view/mechanical-and-vigilance-focus-8-0,,"A,P",True,False,
171,Manufac. & Indust. - Safety & Dependability 8.0,https://www.shl.com/solutions/products/product-catalog/view/safety-and-dependability-focus-8-0,,P,True,False,
172,Manufacturing & Industrial - Essential Focus 8.0,https://www.shl.com/solutions/products/product-catalog/view/essential-focus-8-0,,P,True,False,
173,Manufacturing & Industrial - Mechanical Focus 8.0,https://www.shl.com/solutions/products/product-catalog/view/mechanical-focus-8-0,,"A,P",True,False,
174,Manufacturing & Industrial - Vigilance Focus 8.0,https://www.shl.com/solutions/products/product-catalog/view/vigilance-focus-8-0,,"A,P",True,False,
175,Marketing (New),https://www.shl.com/solutions/products/product-catalog/view/marketing-new,,K,True,False,
176,Maven (New),https://www.shl.com/solutions/products/product-catalog/view/maven-new,,K,True,False,
177,Mechanical Engineering (New),https://www.shl.com/solutions/products/product-catalog/view/mechanical-engineering-new,,K,True,False,
178,Mechatronics Engineering (New),https://www.shl.com/solutions/products/product-catalog/view/mechatronics-engineering-new,,K,True,False,
179,Medical Terminology (New),https://www.shl.com/solutions/products/product-catalog/view/medical-terminology-new,,K,True,False,
180,Metallurgical Engineering (New),https://www.shl.com/solutions/products/product-catalog/view/metallurgical-engineering-new,,K,True,False,
181,MFS 360 Enterprise Leadership Report,https://www.shl.com/solutions/products/product-catalog/view/mfs-360-enterprise-leadership-report,,D,True,False,
182,MFS 360 UCF Group Report,https://www.shl.com/solutions/products/product-catalog/view/mfs-360-ucf-group-report,,D,True,False,
183,MFS 360 UCF Performance Potential Dev Tips Report,https://www.shl.com/solutions/products/product-catalog/view/mfs-360-ucf-performance-potential-dev-tips-report,,D,True,False,
184,MFS 360 UCF Standard Report,https://www.shl.com/solutions/products/product-catalog/view/mfs-360-ucf-standard-report,,D,True,False,
185,Micro Focus Unified Functional Testing (New),https://www.shl.com/solutions/products/product-catalog/view/micro-focus-unified-functional-testing-new,,K,True,False,
186,Microservices (New),https://www.shl.com/solutions/products/product-catalog/view/microservices-new,,K,True,False,
187,Microsoft Dynamics Development (New),https://www.shl.com/solutions/products/product-catalog/view/microsoft-dynamics-development-new,,K,True,False,
188,Microsoft Excel 365 - Essentials (New),https://www.shl.com/solutions/products/product-catalog/view/microsoft-excel-365-essentials-new,,"K,S",True,False,
189,Microsoft Excel 365 (New),https://www.shl.com/solutions/products/product-catalog/view/microsoft-excel-365-new,,"K,S",True,False,
190,Microsoft Outlook 2013 (adaptive),https://www.shl.com/solutions/products/product-catalog/view/microsoft-outlook-2013-adaptive,,K,True,True,
191,Microsoft PowerPoint 365 - Essentials (New),https://www.shl.com/solutions/products/product-catalog/view/microsoft-powerpoint-365-essentials-new,,"K,S",True,False,
192,Microsoft SQL Server 2014 Programming,https://www.shl.com/solutions/products/product-catalog/view/microsoft-sql-server-2014-programming,,K,True,True,
193,Microsoft Windows Server 2012 Administration,https://www.shl.com/solutions/products/product-catalog/view/microsoft-windows-server-2012-administration,,K,True,True,
194,Microsoft Word 365 - Essentials (New),https://www.shl.com/solutions/products/product-catalog/view/microsoft-word-365-essentials-new,,"K,S",True,False,
195,Microsoft Word 365 (New),https://www.shl.com/solutions/products/product-catalog/view/microsoft-word-365-new,,"S,K",True,False,
196,Mineral Engineering (New),https://www.shl.com/solutions/products/product-catalog/view/mineral-engineering-new,,K,True,False,
197,Mining Engineering (New),https://www.shl.com/solutions/products/product-catalog/view/mining-engineering-new,,K,True,False,
198,Mobility (New),https://www.shl.com/solutions/products/product-catalog/view/mobility-new,,K,True,False,
199,Molecular Biology (New),https://www.shl.com/solutions/products/product-catalog/view/molecular-biology-new,,K,True,False,
200,MongoDB (New),https://www.shl.com/solutions/products/product-catalog/view/mongodb-new,,K,True,False,
201,Motivation Questionnaire MQM5,https://www.shl.com/solutions/products/product-catalog/view/motivation-questionnaire-mqm5,,P,True,False,
202,MQ Candidate Motivation Report,https://www.shl.com/solutions/products/product-catalog/view/mq-candidate-motivation-report,,P,True,False,
203,MQ Employee Motivation Report,https://www.shl.com/solutions/products/product-catalog/view/mq-employee-motivation-report,,P,True,False,
204,MQ Motivation Report Pack,https://www.shl.com/solutions/products/product-catalog/view/mq-motivation-report-pack,,P,True,False,
205,MQ Profile,https://www.shl.com/solutions/products/product-catalog/view/mq-profile,,P,True,False,
206,MS Access (New),https://www.shl.com/solutions/products/product-catalog/view/ms-access-new,,K,True,False,
207,MS Excel (New),https://www.shl.com/solutions/products/product-catalog/view/ms-excel-new,,K,True,False,
208,MS Office Basic Computer Literacy (New),https://www.shl.com/solutions/products/product-catalog/view/ms-office-basic-computer-literacy-new,,K,True,False,
209,MS Office Basic Computer Literacy (Sim) (New),https://www.shl.com/solutions/products/product-catalog/view/ms-office-basic-computer-literacy-sim-new,,S,True,False,
210,MS PowerPoint (New),https://www.shl.com/solutions/products/product-catalog/view/ms-powerpoint-new,,K,True,False,
211,MS Word (New),https://www.shl.com/solutions/products/product-catalog/view/ms-word-new,,K,True,False,
212,MuleSoft Development (New),https://www.shl.com/solutions/products/product-catalog/view/mulesoft-development-new,,K,True,False,
213,Multitasking Ability,https://www.shl.com/solutions/products/product-catalog/view/multitasking-ability,,"A,K,S",True,False,
214,Networking and Implementation (New),https://www.shl.com/solutions/products/product-catalog/view/networking-and-implementation-new,,K,True,False,
215,Node.js (New),https://www.shl.com/solutions/products/product-catalog/view/node-js-new,,K,True,False,
216,Nursing (New),https://www.shl.com/solutions/products/product-catalog/view/nursing-new,,K,True,False,
217,Occupational Personality Questionnaire OPQ32r,https://www.shl.com/solutions/products/product-catalog/view/occupational-personality-questionnaire-opq32r,,P,True,False,
218,Operations Management (New),https://www.shl.com/solutions/products/product-catalog/view/operations-management-new,,K,True,False,
219,OPQ Candidate Plus Report,https://www.shl.com/solutions/products/product-catalog/view/opq-candidate-plus-report,,P,True,False,
220,OPQ Candidate Report 2.0,https://www.shl.com/solutions/products/product-catalog/view/opq-candidate-report-2-0,,P,True,False,
221,OPQ Emotional Intelligence Report,https://www.shl.com/solutions/products/product-catalog/view/opq-emotional-intelligence-report,,P,True,False,
222,OPQ Leadership Report,https://www.shl.com/solutions/products/product-catalog/view/opq-leadership-report,,P,True,False,
223,OPQ Manager Plus Report,https://www.shl.com/solutions/products/product-catalog/view/opq-manager-plus-report,,P,True,False,
224,OPQ Manager Plus Report 2.0,https://www.shl.com/solutions/products/product-catalog/view/opq-manager-plus-report-2-0,,P,True,False,
225,OPQ Maximising your Learning Report,https://www.shl.com/solutions/products/product-catalog/view/opq-maximising-your-learning-report,,P,True,False,
226,OPQ MQ Sales Report,https://www.shl.com/solutions/products/product-catalog/view/opq-mq-sales-report,,P,True,False,
227,OPQ Premium Plus Report,https://www.shl.com/solutions/products/product-catalog/view/opq-premium-plus-report,,P,True,False,
228,OPQ Premium Plus Report 2.0,https://www.shl.com/solutions/products/product-catalog/view/opq-premium-plus-report-2-0,,P,True,False,
229,OPQ Profile Report,https://www.shl.com/solutions/products/product-catalog/view/opq-profile-report,,P,True,False,
230,OPQ Team Impact Group Development Report,https://www.shl.com/solutions/products/product-catalog/view/opq-team-impact-group-development-report,,P,True,False,
231,OPQ Team Impact Individual Development Report,https://www.shl.com/solutions/products/product-catalog/view/opq-team-impact-individual-development-report,,P,True,False,
232,OPQ Team Impact Selection Report,https://www.shl.com/solutions/products/product-catalog/view/opq-team-impact-selection-report,,P,True,False,
233,OPQ Team Types & Leadership Styles Profile,https://www.shl.com/solutions/products/product-catalog/view/opq-team-types-and-leadership-styles-profile,,P,True,False,
234,OPQ Team Types and Leadership Styles Report,https://www.shl.com/solutions/products/product-catalog/view/opq-team-types-and-leadership-styles-report,,P,True,False,
235,OPQ UCF Development Action Planner Report 1.0,https://www.shl.com/solutions/products/product-catalog/view/opq-ucf-development-action-planner-report,,P,True,False,
236,OPQ UCF Development Action Planner Report 2.0,https://www.shl.com/solutions/products/product-catalog/view/opq-ucf-development-action-planner-report-2-0,,P,True,False,
237,OPQ Universal Competency Report 1.0,https://www.shl.com/solutions/products/product-catalog/view/opq-universal-competency-report,,P,True,False,
238,OPQ Universal Competency Report 2.0,https://www.shl.com/solutions/products/product-catalog/view/opq-universal-competency-report-2-0,,P,True,False,
239,OPQ User and Managers Report,https://www.shl.com/solutions/products/product-catalog/view/opq-user-and-managers-report,,P,True,False,
240,OPQ User Report,https://www.shl.com/solutions/products/product-catalog/view/opq-user-report,,"P,S",True,False,
241,Oracle DBA (Advanced Level) (New),https://www.shl.com/solutions/products/product-catalog/view/oracle-dba-advanced-level-new,,K,True,False,
242,Oracle DBA (Entry Level) (New),https://www.shl.com/solutions/products/product-catalog/view/oracle-dba-entry-level-new,,K,True,False,
243,Oracle PL/SQL (New),https://www.shl.com/solutions/products/product-catalog/view/oracle-plsql-new,,K,True,False,
244,Oracle WebLogic Server (New),https://www.shl.com/solutions/products/product-catalog/view/oracle-weblogic-server-new,,K,True,False,
245,Organic Chemistry (New),https://www.shl.com/solutions/products/product-catalog/view/organic-chemistry-new,,K,True,False,
246,Paint Technology (New),https://www.shl.com/solutions/products/product-catalog/view/paint-technology-new,,K,True,False,
247,Pediatrics (New),https://www.shl.com/solutions/products/product-catalog/view/pediatrics-new,,K,True,False,
248,Pega Development (New),https://www.shl.com/solutions/products/product-catalog/view/pega-development-new,,K,True,False,
249,Perl (New),https://www.shl.com/solutions/products/product-catalog/view/perl-new,,K,True,False,
250,Petrochemical Engineering (New),https://www.shl.com/solutions/products/product-catalog/view/petrochemical-engineering-new,,K,True,False,
251,Petroleum Engineering (New),https://www.shl.com/solutions/products/product-catalog/view/petroleum-engineering-new,,K,True,False,
252,Pharmaceutical Analysis (New),https://www.shl.com/solutions/products/product-catalog/view/pharmaceutical-analysis-new,,K,True,False,
253,Pharmaceutical Chemistry (New),https://www.shl.com/solutions/products/product-catalog/view/pharmaceutical-chemistry-new,,K,True,False,
254,Pharmaceutical Science (New),https://www.shl.com/solutions/products/product-catalog/view/pharmaceutical-science-new,,K,True,False,
255,Pharmaceutics (New),https://www.shl.com/solutions/products/product-catalog/view/pharmaceutics-new,,K,True,False,
256,Pharmacology (New),https://www.shl.com/solutions/products/product-catalog/view/pharmacology-new,,K,True,False,
257,PHP (New),https://www.shl.com/solutions/products/product-catalog/view/php-new,,K,True,False,
258,PJM Development Report,https://www.shl.com/solutions/products/product-catalog/view/pjm-development-report,,"C,A,P",True,False,
259,PJM Selection Report,https://www.shl.com/solutions/products/product-catalog/view/pjm-selection-report,,"A,C,P",True,False,
260,Polymer Engineering (New),https://www.shl.com/solutions/products/product-catalog/view/polymer-engineering-new,,K,True,False,
261,Power Electronics and Drives (New),https://www.shl.com/solutions/products/product-catalog/view/power-electronics-and-drives-new,,K,True,False,
262,Power System Engineering (New),https://www.shl.com/solutions/products/product-catalog/view/power-system-engineering-new,,K,True,False,
263,Prism (New),https://www.shl.com/solutions/products/product-catalog/view/prism-new,,K,True,False,
264,Production and Industrial Engineering (New),https://www.shl.com/solutions/products/product-catalog/view/production-and-industrial-engineering-new,,K,True,False,
265,Production Engineering (New),https://www.shl.com/solutions/products/product-catalog/view/production-engineering-new,,K,True,False,
266,Programming Concepts,https://www.shl.com/solutions/products/product-catalog/view/programming-concepts,,K,True,True,
267,Project Management (2013),https://www.shl.com/solutions/products/product-catalog/view/project-management-2013,,K,True,True,
268,Proofreading v1,https://www.shl.com/solutions/products/product-catalog/view/proofreading-v1,,K,True,False,
269,Python (New),https://www.shl.com/solutions/products/product-catalog/view/python-new,,K,True,False,
270,R Programming (New),https://www.shl.com/solutions/products/product-catalog/view/r-programming-new,,K,True,False,
271,ReactJS (New),https://www.shl.com/solutions/products/product-catalog/view/reactjs-new,,K,True,False,
272,Reading Comprehension - English v1,https://www.shl.com/solutions/products/product-catalog/view/reading-comprehension-english-v1,,A,True,True,
273,Reading Comprehension - Spanish v1,https://www.shl.com/solutions/products/product-catalog/view/reading-comprehension-spanish-v1,,A,True,True,
274,Reading Comprehension v2,https://www.shl.com/solutions/products/product-catalog/view/reading-comprehension-v2,,A,True,True,
275,RemoteWorkQ,https://www.shl.com/solutions/products/product-catalog/view/remoteworkq,,C,True,False,
276,RemoteWorkQ Manager Report,https://www.shl.com/solutions/products/product-catalog/view/remoteworkq-manager-report,,C,True,False,
277,RemoteWorkQ Participant Report,https://www.shl.com/solutions/products/product-catalog/view/remoteworkq-participant-report,,C,True,False,
278,RESTful Web Services (New),https://www.shl.com/solutions/products/product-catalog/view/restful-web-services-new,,K,True,False,
279,Retail Sales and Service Simulation,https://www.shl.com/solutions/products/product-catalog/view/retail-sales-and-service-simulation,,"B,K,S,A",True,False,
280,Reviewing Forms - US (R1),https://www.shl.com/solutions/products/product-catalog/view/reviewing-forms-us-r1,,K,True,False,
281,Ruby (New),https://www.shl.com/solutions/products/product-catalog/view/ruby-new,,K,True,False,
282,Ruby on Rails (New),https://www.shl.com/solutions/products/product-catalog/view/ruby-on-rails-new,,K,True,False,
283,Sales & Service Phone Simulation,https://www.shl.com/solutions/products/product-catalog/view/sales-and-service-phone-simulation,,"S,B",True,False,
284,Sales & Service Phone Solution,https://www.shl.com/solutions/products/product-catalog/view/sales-and-service-phone-solution,,"B,P,S",True,False,
285,Sales Interview Guide,https://www.shl.com/solutions/products/product-catalog/view/sales-interview-guide,,"P,P",True,False,
286,Sales Profiler Cards,https://www.shl.com/solutions/products/product-catalog/view/sales-profiler-cards,,P,True,False,
287,Sales Transformation 1.0 - Individual Contributor,https://www.shl.com/solutions/products/product-catalog/view/sales-transformation-report-individual-contributor,,P,True,False,
288,Sales Transformation 2.0 - Individual Contributor,https://www.shl.com/solutions/products/product-catalog/view/salestransformationreport2-0-individualcontributor,,P,True,False,
289,Sales Transformation Report 1.0 - Sales Manager,https://www.shl.com/solutions/products/product-catalog/view/sales-transformation-report-sales-manager,,P,True,False,
290,Sales Transformation Report 2.0 - Sales Manager,https://www.shl.com/solutions/products/product-catalog/view/sales-transformation-report-2-0-sales-manager,,P,True,False,
291,Salesforce Development (New),https://www.shl.com/solutions/products/product-catalog/view/salesforce-development-new,,K,True,False,
292,SAP ABAP (Advanced Level) (New),https://www.shl.com/solutions/products/product-catalog/view/sap-abap-advanced-level-new,,K,True,False,
293,SAP ABAP (Intermediate Level) (New),https://www.shl.com/solutions/products/product-catalog/view/sap-abap-intermediate-level-new,,K,True,False,
294,SAP Basis (New),https://www.shl.com/solutions/products/product-catalog/view/sap-basis-new,,K,True,False,
295,SAP Business Objects WebI (New),https://www.shl.com/solutions/products/product-catalog/view/sap-business-objects-webi-new,,K,True,False,
296,SAP BW (Business Warehouse) (New),https://www.shl.com/solutions/products/product-catalog/view/sap-bw-business-warehouse-new,,K,True,False,
297,SAP HCM (Human Capital Management) (New),https://www.shl.com/solutions/products/product-catalog/view/sap-hcm-human-capital-management-new,,K,True,False,
298,SAP Hybris (New),https://www.shl.com/solutions/products/product-catalog/view/sap-hybris-new,,K,True,False,
299,SAP Materials Management (New),https://www.shl.com/solutions/products/product-catalog/view/sap-materials-management-new,,K,True,False,
300,SAP SD (Sales and Distribution) (New),https://www.shl.com/solutions/products/product-catalog/view/sap-sd-sales-and-distribution-new,,K,True,False,
301,Search Engine Optimization (New),https://www.shl.com/solutions/products/product-catalog/view/search-engine-optimization-new,,K,True,False,
302,Selenium (New),https://www.shl.com/solutions/products/product-catalog/view/selenium-new,,K,True,False,
303,Shell Scripting (New),https://www.shl.com/solutions/products/product-catalog/view/shell-scripting-new,,K,True,False,
304,SHL Verify Interactive - Inductive Reasoning,https://www.shl.com/solutions/products/product-catalog/view/shl-verify-interactive-inductive-reasoning,,"A,S",True,True,
305,SHL Verify Interactive – Deductive Reasoning,https://www.shl.com/solutions/products/product-catalog/view/shl-verify-interactive-deductive-reasoning,,"A,S",True,True,
306,SHL Verify Interactive – Numerical Reasoning,https://www.shl.com/solutions/products/product-catalog/view/shl-verify-interactive-numerical-reasoning,,"A,S",True,True,
307,SHL Verify Interactive G+,https://www.shl.com/solutions/products/product-catalog/view/shl-verify-interactive-g,,A,True,True,
308,SHL Verify Interactive Numerical Calculation,https://www.shl.com/solutions/products/product-catalog/view/shl-verify-interactive-numerical-calculation,,A,True,True,
309,Siebel Development (New),https://www.shl.com/solutions/products/product-catalog/view/siebel-development-new,,K,True,False,
310,Smart Interview Live,https://www.shl.com/solutions/products/product-catalog/view/smart-interview-live,,P,True,False,
311,Smart Interview Live Coding,https://www.shl.com/solutions/products/product-catalog/view/smart-interview-live-coding,,K,True,False,
312,Smart Interview On Demand,https://www.shl.com/solutions/products/product-catalog/view/smart-interview-on-demand,,P,True,False,
313,Social Media (New),https://www.shl.com/solutions/products/product-catalog/view/social-media-new,,K,True,False,
314,Software Business Analysis,https://www.shl.com/solutions/products/product-catalog/view/software-business-analysis,,K,True,True,
315,SonarQube (New),https://www.shl.com/solutions/products/product-catalog/view/sonarqube-new,,K,True,False,
316,Spelling (U.S.) (New),https://www.shl.com/solutions/products/product-catalog/view/spelling-u-s-new,,K,True,False,
317,Split Screen Typing Test - Form 1,https://www.shl.com/solutions/products/product-catalog/view/split-screen-typing-test-form-1,,"A,K",True,False,
318,Spring (New),https://www.shl.com/solutions/products/product-catalog/view/spring-new,,K,True,False,
319,SQL (New),https://www.shl.com/solutions/products/product-catalog/view/sql-new,,K,True,False,
320,SQL Server (New),https://www.shl.com/solutions/products/product-catalog/view/sql-server-new,,K,True,False,
321,SQL Server Analysis Services (SSAS) (New),https://www.shl.com/solutions/products/product-catalog/view/sql-server-analysis-services-%28ssas%29-%28new%29,,K,True,False,
322,SQL Server Integration Services (SSIS) (New),https://www.shl.com/solutions/products/product-catalog/view/sql-server-integration-services-ssis-new,,K,True,False,
323,SQL Server Reporting Services (SSRS) (New),https://www.shl.com/solutions/products/product-catalog/view/sql-server-reporting-services-ssrs-new,,K,True,False,
324,Statistical Analysis System (New),https://www.shl.com/solutions/products/product-catalog/view/statistical-analysis-system-new,,K,True,False,
325,Struts (New),https://www.shl.com/solutions/products/product-catalog/view/struts-new,,K,True,False,
326,SVAR - Spoken English (AUS),https://www.shl.com/solutions/products/product-catalog/view/svar-spoken-english-aus,,S,True,False,
327,SVAR - Spoken English (Indian Accent)  (New),https://www.shl.com/solutions/products/product-catalog/view/svar-spoken-english-indian-accent-new,,S,True,False,
328,SVAR - Spoken English (U.K.),https://www.shl.com/solutions/products/product-catalog/view/svar-spoken-english-u-k,,S,True,False,
329,SVAR - Spoken English (US)  (New),https://www.shl.com/solutions/products/product-catalog/view/svar-spoken-english-us-new,,S,True,False,
330,SVAR - Spoken French (Canadian) (New),https://www.shl.com/solutions/products/product-catalog/view/svar-spoken-french-canadian-new,,S,True,False,
331,SVAR - Spoken French (European) (New),https://www.shl.com/solutions/products/product-catalog/view/svar-spoken-french-european-new,,S,True,False,
332,SVAR - Spoken Spanish (Castilian) (New),https://www.shl.com/solutions/products/product-catalog/view/svar-spoken-spanish-castilian-new,,S,True,False,
333,SVAR - Spoken Spanish (North American) (New),https://www.shl.com/solutions/products/product-catalog/view/svar-spoken-spanish-north-american-new,,S,True,False,
334,Swing (New),https://www.shl.com/solutions/products/product-catalog/view/swing-new,,K,True,False,
335,Tableau (New),https://www.shl.com/solutions/products/product-catalog/view/tableau-new,,K,True,False,
336,Telecommunications Engineering (New),https://www.shl.com/solutions/products/product-catalog/view/telecommunications-engineering-new,,K,True,False,
337,Teradata Development (New),https://www.shl.com/solutions/products/product-catalog/view/teradata-development-new,,K,True,False,
338,Time Management (U.S.),https://www.shl.com/solutions/products/product-catalog/view/time-management-u-s,,K,True,True,
339,Training Development,https://www.shl.com/solutions/products/product-catalog/view/training-development,,K,True,True,
340,Typing (New),https://www.shl.com/solutions/products/product-catalog/view/typing-new,,S,True,False,
341,UiPath RPA Development (New),https://www.shl.com/solutions/products/product-catalog/view/uipath-rpa-development-new,,K,True,False,
342,Universal Competency Framework Interview Guide,https://www.shl.com/solutions/products/product-catalog/view/universal-competency-framework-interview-guide,,"C,P",True,False,
343,Universal Competency Framework Job profiling guide,https://www.shl.com/solutions/products/product-catalog/view/universal-competency-framework-job-profiling-guide,,"C,P",True,False,
344,Universal Competency Framework Profiler Cards (44),https://www.shl.com/solutions/products/product-catalog/view/universal-competency-framework-profiler-cards-44,,"C,P",True,False,
345,UNIX (New),https://www.shl.com/solutions/products/product-catalog/view/unix-new,,K,True,False,
346,VB.NET (New),https://www.shl.com/solutions/products/product-catalog/view/vb-net-new,,K,True,False,
347,Verify - Deductive Reasoning,https://www.shl.com/solutions/products/product-catalog/view/verify-deductive-reasoning,,A,True,True,
348,Verify - Following Instructions,https://www.shl.com/solutions/products/product-catalog/view/verify-following-instructions,,A,True,False,
349,Verify - G+,https://www.shl.com/solutions/products/product-catalog/view/verify-g,,A,True,True,
350,Verify - General Ability Screen,https://www.shl.com/solutions/products/product-catalog/view/verify-general-ability-screen,,A,True,True,
351,Verify - Inductive Reasoning (2014),https://www.shl.com/solutions/products/product-catalog/view/verify-inductive-reasoning-2014,,A,True,True,
352,Verify - Numerical Ability,https://www.shl.com/solutions/products/product-catalog/view/verify-numerical-ability,,A,True,True,
353,Verify - Technical Checking - Next Generation,https://www.shl.com/solutions/products/product-catalog/view/verify-technical-checking-next-generation,,A,True,False,
354,Verify - Verbal Ability - Next Generation,https://www.shl.com/solutions/products/product-catalog/view/verify-verbal-ability-next-generation,,A,True,True,
355,Verify - Working with Information,https://www.shl.com/solutions/products/product-catalog/view/verify-working-with-information,,A,True,False,
356,Verify G+ - Ability Test Report,https://www.shl.com/solutions/products/product-catalog/view/verify-g-ability-test-report,,A,True,False,
357,Verify G+ - Candidate Report,https://www.shl.com/solutions/products/product-catalog/view/verify-g-candidate-report,,A,True,False,
358,Verify Interactive Ability Report,https://www.shl.com/solutions/products/product-catalog/view/verify-interactive-ability-report,,A,True,False,
359,Verify Interactive G+ Candidate Report,https://www.shl.com/solutions/products/product-catalog/view/verify-interactive-g-candidate-report,,A,True,False,
360,Verify Interactive G+ Report,https://www.shl.com/solutions/products/product-catalog/view/verify-interactive-g-report,,A,True,False,
361,Verify Interactive Process Monitoring,https://www.shl.com/solutions/products/product-catalog/view/verify-interactive-process-monitoring,,A,True,False,
362,Virtual Assessment and Development Centers,https://www.shl.com/solutions/products/product-catalog/view/virtual-assessment-and-development-centers,,P,True,False,
363,Visual Basic for Applications (New),https://www.shl.com/solutions/products/product-catalog/view/visual-basic-for-applications-new,,K,True,False,
364,Visual Comparison - UK,https://www.shl.com/solutions/products/product-catalog/view/visual-comparison-uk,,K,True,False,
365,Visual Comparison - US,https://www.shl.com/solutions/products/product-catalog/view/visual-comparison-us,,K,True,False,
366,VLSI and Embedded Systems (New),https://www.shl.com/solutions/products/product-catalog/view/vlsi-and-embedded-systems-new,,K,True,False,
367,What Is The Value - US,https://www.shl.com/solutions/products/product-catalog/view/what-is-the-value-us,,K,True,True,
368,Workplace Administration Skills (New),https://www.shl.com/solutions/products/product-catalog/view/workplace-administration-skills-new,,K,True,False,
369,Workplace Health and Safety (New),https://www.shl.com/solutions/products/product-catalog/view/workplace-health-and-safety-new,,K,True,False,
370,WriteX - Email Writing (Customer Service) (New),https://www.shl.com/solutions/products/product-catalog/view/writex-email-writing-customer-service-new,,S,True,False,
371,WriteX - Email Writing (Managerial) (New),https://www.shl.com/solutions/products/product-catalog/view/writex-email-writing-managerial-new,,S,True,False,
372,WriteX - Email Writing (Sales) (New),https://www.shl.com/solutions/products/product-catalog/view/writex-email-writing-sales-new,,"B,S",True,False,
373,Written English v1,https://www.shl.com/solutions/products/product-catalog/view/written-english-v1,,K,True,True,
374,Written Spanish,https://www.shl.com/solutions/products/product-catalog/view/written-spanish,,K,True,True,
375,Zabbix (New),https://www.shl.com/solutions/products/product-catalog/view/zabbix-new,,K,True,False,
376,360 Digital Report,https://www.shl.com/solutions/products/product-catalog/view/360-digital-report,,D,True,False,
377,360° Multi-Rater Feedback System (MFS),https://www.shl.com/solutions/products/product-catalog/view/360-multi-rater-feedback-system-mfs,,"D,P",True,False,
378,Entry level Sales 7.1 (International),https://www.shl.com/solutions/products/product-catalog/view/entry-level-sales-7-1,"CareersOur CultureOur TeamsOur PeopleJoin SHLLatest JobsContactPractice TestsSupportCandidate SupportAnswers to frequently asked questions for technical queries when taking a test.Client SupportAnswers to frequently asked questions about our products, services and supporting documentation.Contact Support:Get help from our support teams.Practice Tests & AdviceView example questions and practice assessments.Browser CheckVerifies if your device settings are compatible.LoginBuy OnlineLanguageEnglish","K,P",True,False,
379,Entry Level Sales Sift Out 7.1,https://www.shl.com/solutions/products/product-catalog/view/entry-level-sales-sift-out-7-1,"CareersOur CultureOur TeamsOur PeopleJoin SHLLatest JobsContactPractice TestsSupportCandidate SupportAnswers to frequently asked questions for technical queries when taking a test.Client SupportAnswers to frequently asked questions about our products, services and supporting documentation.Contact Support:Get help from our support teams.Practice Tests & AdviceView example questions and practice assessments.Browser CheckVerifies if your device settings are compatible.LoginBuy OnlineLanguageEnglish","K,P",True,False,
380,Financial Professional - Short Form,https://www.shl.com/solutions/products/product-catalog/view/financial-professional-short-form,"CareersOur CultureOur TeamsOur PeopleJoin SHLLatest JobsContactPractice TestsSupportCandidate SupportAnswers to frequently asked questions for technical queries when taking a test.Client SupportAnswers to frequently asked questions about our products, services and supporting documentation.Contact Support:Get help from our support teams.Practice Tests & AdviceView example questions and practice assessments.Browser CheckVerifies if your device settings are compatible.LoginBuy OnlineLanguageEnglish","K,P",True,False,
381,General Entry Level – Data Entry 7.0 Solution,https://www.shl.com/solutions/products/product-catalog/view/general-entry-level-data-entry-7-0-solution,"CareersOur CultureOur TeamsOur PeopleJoin SHLLatest JobsContactPractice TestsSupportCandidate SupportAnswers to frequently asked questions for technical queries when taking a test.Client SupportAnswers to frequently asked questions about our products, services and supporting documentation.Contact Support:Get help from our support teams.Practice Tests & AdviceView example questions and practice assessments.Browser CheckVerifies if your device settings are compatible.LoginBuy OnlineLanguageEnglish","K,P",True,False,
382,Manager 8.0+ JFA,https://www.shl.com/solutions/products/product-catalog/view/manager-8-0-jfa-4310,"CareersOur CultureOur TeamsOur PeopleJoin SHLLatest JobsContactPractice TestsSupportCandidate SupportAnswers to frequently asked questions for technical queries when taking a test.Client SupportAnswers to frequently asked questions about our products, services and supporting documentation.Contact Support:Get help from our support teams.Practice Tests & AdviceView example questions and practice assessments.Browser CheckVerifies if your device settings are compatible.LoginBuy OnlineLanguageEnglish","K,P",True,False,
383,Professional + 7.0 Solution,https://www.shl.com/solutions/products/product-catalog/view/professional-7-0-solution-3958,"CareersOur CultureOur TeamsOur PeopleJoin SHLLatest JobsContactPractice TestsSupportCandidate SupportAnswers to frequently asked questions for technical queries when taking a test.Client SupportAnswers to frequently asked questions about our products, services and supporting documentation.Contact Support:Get help from our support teams.Practice Tests & AdviceView example questions and practice assessments.Browser CheckVerifies if your device settings are compatible.LoginBuy OnlineLanguageEnglish","K,P",True,False,
384,Professional + 7.1 (International),https://www.shl.com/solutions/products/product-catalog/view/professional-7-1-solution,"CareersOur CultureOur TeamsOur PeopleJoin SHLLatest JobsContactPractice TestsSupportCandidate SupportAnswers to frequently asked questions for technical queries when taking a test.Client SupportAnswers to frequently asked questions about our products, services and supporting documentation.Contact Support:Get help from our support teams.Practice Tests & AdviceView example questions and practice assessments.Browser CheckVerifies if your device settings are compatible.LoginBuy OnlineLanguageEnglish","K,P",True,False,
385,Sales Representative Solution,https://www.shl.com/solutions/products/product-catalog/view/sales-representative-solution,"CareersOur CultureOur TeamsOur PeopleJoin SHLLatest JobsContactPractice TestsSupportCandidate SupportAnswers to frequently asked questions for technical queries when taking a test.Client SupportAnswers to frequently asked questions about our products, services and supporting documentation.Contact Support:Get help from our support teams.Practice Tests & AdviceView example questions and practice assessments.Browser CheckVerifies if your device settings are compatible.LoginBuy OnlineLanguageEnglish","K,P",True,False,
386,Technical Sales Associate Solution,https://www.shl.com/solutions/products/product-catalog/view/technical-sales-associate-solution,"CareersOur CultureOur TeamsOur PeopleJoin SHLLatest JobsContactPractice TestsSupportCandidate SupportAnswers to frequently asked questions for technical queries when taking a test.Client SupportAnswers to frequently asked questions about our products, services and supporting documentation.Contact Support:Get help from our support teams.Practice Tests & AdviceView example questions and practice assessments.Browser CheckVerifies if your device settings are compatible.LoginBuy OnlineLanguageEnglish","K,P",True,False,
